productId,skuId,name,brand,top,category,bracket,price
1001807749,100002050,Girafa com Blocos Fisher-Price,Fisher Price,BABY,BRINQUEDOS PARA BEBES,0-2,139.99
1002969891,1002835452,Mini Veiculo Elétrico - Audi RS E-Tron GT - Branco - 12V - Bandeirante,Bandeirante,BABY,MINI VEICULOS,3-5,2699.99
1001806483,100216724,Chocalho - Amiguinho Maluquinho - 1 peça - Minimi,Minimi,BABY,MORDEDORES,unknown,53.99
1003266301,1003152913,Conjunto De Acessórios - Fábrica Faça Seu Squishy - Fun,Fun,BRINQUEDOS,ARTES,6-8,150.99
1003264184,1003150653,Sylvanian Families - Série Dos Bebês Com Fantasias De Fadas Do Bosque - Surpresa - Epoch,Epoch,BRINQUEDOS,BRINCADEIRA DE CASINHA,3-5,49.99
1002858670,1002724877,Brinquedo De Atividades - Projetor De Pintura - Galinha Pintadinha - Yes Toys,Yes Toys,BRINQUEDOS,FAZ DE CONTA,unknown,139.99
1003120676,1002994937,Conjunto de Artes - 2 Mini Pelucia - Surpresa - Para Pintar - Airbrush - Fun,Fun,BRINQUEDOS,PELUCIAS,6-8,119.99
1003174408,1003051830,Guitarra Eletronica - Galinha Pintadinha - Com Som E Luz - Yes Toys,Yes Toys,BRINQUEDOS,INSTRUMENTOS MUSICAIS,0-2,57.99
1002934543,1002800281,Carrinho com Controle Remoto - Marvel - Homem-Aranha - Autoracing - Candide,Candide,BRINQUEDOS,VEICULOS DE BRINQUEDO,3-5,67.99
1001924497,100326062,Lançador De Dardos - Nerf - Elite 2.0 - Commander - Hasbro,Hasbro,BRINQUEDOS,LANCADORES,6-8,142.99
1003253220,1003137934,LEGO - Speed Champions - Máquina do Tempo De Volta Para O Futuro - 77256,LEGO,BRINQUEDOS,BLOCOS DE MONTAR,9-12,213.99
1003254492,1003139614,Quebra-Cabeça - Guerreiras Do K-Pop - 200 Peças - Grow,Grow,BRINQUEDOS,QUEBRA-CABECAS,6-8,55.99
1002031046,100411316,Laptop - Patrulha Canina - Bilingue - Modelos Sortidos - Candide,Candide,BRINQUEDOS,BRINQUEDOS ELETRONICOS,0-2,99.99
1001811994,100222379,Bumbo - Patrulha Canina - Elka,Elka,BRINQUEDOS,BRINQUEDOS DE BELEZA,unknown,99.99
1002950949,1002816893,Boneca Articulada - Baby Alive - Brincando de Spa Loira - Hasbro,Hasbro,BONECOS E BONECAS,BONECAS,3-5,94.99
1002234911,1002111906,Boneco Articulado - Disney - Marvel - Amazing Friends - Homem Aranha - Hasbro,Hasbro,BONECOS E BONECAS,BONECOS,0-2,87.99
1001979562,100370971,Sylvanian Families - Van Piquenique Da Família - Epoch,Epoch,BONECOS E BONECAS,ACESSORIOS PARA BONECAS,unknown,299.99
1002819146,1002685911,Sylvanian Families - Conjunto A Primeira Casa - Epoch,Epoch,BONECOS E BONECAS,CASA DE BONECA,3-5,279.99
1003178034,1003055606,Jogo De Ação - Tapalavras - Multikids,Multikids,JOGOS,JOGOS DE ACAO,6-8,133.99
1003269298,1003156075,Jogo De Cartas - Pokémon - ME04 - Blister Unitário - Copag,Copag,JOGOS,JOGOS DE CARTAS,6-8,18.99
100155435,100155359,Jogo Batalha Naval - Novo - Grow,Grow,JOGOS,JOGOS CLASSICOS,unknown,69.99
1002856610,1002722741,Jogo Educativo - O Show da Luna - Laboratório Criativo - Nig Brinquedos,Nig Brinquedos,JOGOS,JOGOS EDUCATIVOS,3-5,115.99
1002882905,1002749529,Jogo De Tabuleiro -  War - O Jogo Da Estratégia - Grow,Grow,JOGOS,JOGOS DE TABULEIRO,unknown,110.99
1003042490,1002909752,Boneco - Funko POP Racing - Mclaren - Ayrton Senna - Candide,Candide,COLECIONAVEIS,FUNKO POP,13+,199.99
1003188449,1003067096,EXCLUSIVO: Chaveiro Miniatura Colecionável - Glasses Up - Barbie,SEM LICENÇA,COLECIONAVEIS,ACTION FIGURE,3-5,19.91
1003225484,1003110418,Blocos De Montar - Hot Wheels - Brick Shop - 94 Audi Avant RS2 - Mattel,Mattel,COLECIONAVEIS,CARRINHOS COLECIONAVEIS,9-12,178.99
1003265455,1003151978,Mini Brands - Fill The Fridge - Mini Minis - Refil Mini Geladeira - Candide,Candide,COLECIONAVEIS,MONTAGEM E MODELISMO,6-8,99.99
1002979260,1002844721,Fantasia Infantil Clássica - Batman - Tamanho P - Novabrink,Novabrink,FANTASIAS,FANTASIA INFANTIL,0-2,249.99
1003205785,1003086132,Sabre de Luz Black Series Ahsoka Tano Star Wars - Hasbro,Brinkedo Legal,FANTASIAS,SABRE DE LUZ,unknown,1349
1003167498,1003044258,Máscara - Jurassic World - Dinossauro - Mattel - Modelos Unitários Sortidos,Mattel,FANTASIAS,MASCARAS,3-5,138.99
1002095410,100472896,Bicicleta - Aro 16 - Dino - Infantil - Tk3-Track - Prata e Laranja,TRACKBIKES,ESPORTES,BICICLETAS,0-2,799.99
1003177705,1003055272,Skatenet - Homem-Aranha - Bandeirante,Bandeirante,ESPORTES,SKATES,0-2,399.99
1003172758,1003050062,Patinete - Decorado - Cardoso - Rosa,Cardoso,ESPORTES,PATINETES,0-2,249.99
1002969577,1002835147,Patins - Barbie - 04 Rodas - Tamanho 33/34 - Branco - Fun,Fun,ESPORTES,PATINS,6-8,349.99
1003119142,1002992927,Bola de Futebol Infantil - Fun Kids - T50 XXIV - Penalty,Penalty,ESPORTES,BOLAS,unknown,92.99
1001987133,100376692,Barraca - Barbie - 50 bolinhas - Fun,Fun,ESPORTES,BRINCADEIRAS AO AR LIVRE,0-2,307.99
1003301043,1003194993,Bote Inflável Seahawk 4 Pessoas 351cm Suporta 400kg Intex,Intex,ESPORTES,PRAIA E PISCINA,unknown,1299.99
1002260170,1002136986,Jogo PS5 - Uncharted - Coleção Legado dos Ladrões - Sony,Sony,TECNOLOGIA,JOGOS DE VIDEO-GAME,13+,124.91
1003300130,1003194030,Controle X 360 Sem Fio  Cor Preto ALTO-6560W Altomex,Altomex,TECNOLOGIA,CONTROLES,unknown,199.99
1003093494,1002962091,Conjunto de Carimbo e Caderno - Melissa & Doug - Cachorro - Sunny,Sunny,LIVROS E PAPELARIA,LIVROS,3-5,59.91
1003254968,1003140112,Box Caixa Premium - Fifa - Copa Do Mundo 2026 - Álbum Capa Dura Ouro Com 350 Figurinhas - Panini,Catavento,LIVROS E PAPELARIA,ALBUM DE FIGURINHAS,6-8,299.91
1002929142,1002794956,Mochila Pelúcia - Hello Kitty - Candide,Candide,LIVROS E PAPELARIA,MOCHILAS,0-2,109.99
1003252642,1003137234,LEGO - Disney - Speed Champions - Relâmpago Mcqueen - 77255,LEGO,BRINQUEDOS,BLOCOS DE MONTAR,9-12,222.99
1003121833,1002996212,Boneca - Baby Alive - Festinha do Chá - Loira - Hasbro,HASBRO,BONECOS E BONECAS,BONECAS,3-5,207.99
1003170602,1003047707,Brinquedo Interativo - Minimi - Casinha Pets - Modelos Sortidos - Jxp Brink,SEM LICENÇA,BABY,BRINQUEDOS PARA BEBES,0-2,36.99
1002959732,1002825509,Pelucia - Furby Furblets - Modelos Unitários Sortidos - Hasbro,Hasbro,BRINQUEDOS,PELUCIAS,6-8,123.99
1003173870,1003051273,Carro De Corrida - Hot Whells - Sprint 1:24 Rc - 2 Canais - Vermelho,Multikids,BRINQUEDOS,VEICULOS DE BRINQUEDO,3-5,77.99
1001861386,100270288,Figura de Ação - 24 Cm - Disney - Marvel - Avenges - Homem Aranha - Hasbro,Hasbro,BONECOS E BONECAS,BONECOS,3-5,63.99
1003254684,1003139809,Jogo de Cartas - Pokémon - ME03 - Blister Unitário - Copag - Modelos Unitários Sortidos,Copag,JOGOS,JOGOS DE CARTAS,6-8,18.99
100110860,100110518,Jogo Detetive com App - Estrela,Estrela,JOGOS,JOGOS DE TABULEIRO,6-8,99.95
1003249347,1003133650,Boneco - Funko Pop - Guerreiras Do K-Pop - Zoey - Candide,Candide,COLECIONAVEIS,FUNKO POP,3-5,149.99
1003186535,1003065107,EXCLUSIVO: Chaveiro Miniatura Colecionável - Cutie - Twist - Barbie,SEM LICENÇA,COLECIONAVEIS,ACTION FIGURE,3-5,19.91
1003168977,1003045912,Blocos De Montar - Mattel - Custom 68 Camaro,Mattel,COLECIONAVEIS,CARRINHOS COLECIONAVEIS,9-12,148.99
1003181004,1003058846,EXCLUSIVO - Bicicleta De Equilíbrio - Fisher-Price - Baby,Bandeirante,BABY,MINI VEICULOS,0-2,370.99
1002948899,1002814846,Conjunto de Mordedores - Disney Baby - Meu Primeiro Kit - Bda - Toyster,Toyster,BABY,MORDEDORES,0-2,89.99
1002226464,1002103479,Massinha de Modelar - Play-Doh - Pet Shop - Veterinário - Hasbro,Hasbro,BRINQUEDOS,ARTES,0-2,149.99
1003264299,1003150768,Sylvanian Families - Gêmeos Urso Biscoito - Epoch,Epoch,BRINQUEDOS,BRINCADEIRA DE CASINHA,0-2,99.99
1003167533,1003044299,Projetor De Desenhos - Barbie - Rosa - Multikids,Multikids,BRINQUEDOS,FAZ DE CONTA,3-5,160.99
1002837391,1002704027,Brinquedo Musical Infantil - Patrulha Canina - Piano Xilofone - Yes Toys,Yes Toys,BRINQUEDOS,INSTRUMENTOS MUSICAIS,unknown,102.99
1001924496,100326061,Lançador de Dardos - Nerf - Elite 2.0 - Volt SD 1 - Hasbro,Hasbro,BRINQUEDOS,LANCADORES,unknown,95.99
1003265986,1003152564,Quebra-Cabeça - Disney - Pixar - Toy Story 5 - 100 Peças - Toyster,SEM LICENÇA,BRINQUEDOS,QUEBRA-CABECAS,6-8,52.99
1001856941,100266232,Laptop de Atividades - Bilíngue - Barbie - Candide,Candide,BRINQUEDOS,BRINQUEDOS ELETRONICOS,unknown,99.99
1002587799,1002459051,Conjunto De Pintura Para Unhas - Cool Maker - Go Glam U-Nique Nail Salon - Sunny,Sunny,BRINQUEDOS,BRINQUEDOS DE BELEZA,6-8,129.91
1001884856,100292972,Carrinho de Boneca - Ninos - 64cm - Sortido - Cotiplás,Cotiplas,BONECOS E BONECAS,ACESSORIOS PARA BONECAS,0-2,169.99
1002864221,1002730513,Playset - Barbie - Casa De Bonecas Dos Sonhos - Mattel,Mattel,BONECOS E BONECAS,CASA DE BONECA,3-5,1548.99
1002072873,100451995,Jogo Imagem & Ação Júnior - 448 Peças - Grow,Grow,JOGOS,JOGOS DE ACAO,unknown,50.99
1003250522,1003134878,Jogo de Cartas - Uno - Original - Mattel,Mattel,JOGOS,JOGOS CLASSICOS,6-8,11.99
100137820,100137601,Conjunto de Atividades - LAB 42 Experiências - Estrela,Estrela,JOGOS,JOGOS EDUCATIVOS,unknown,99.99
1003265456,1003151979,Geladeira - Mini Brands - Fill The Fridge - Mini Minis - Candide,Candide,COLECIONAVEIS,MONTAGEM E MODELISMO,6-8,349.99
1002857546,1002723753,Fantasia - Disney Princesa - A Pequena Sereia Ariel - Tamanho M - Novabrink,Novabrink,FANTASIAS,FANTASIA INFANTIL,unknown,79.91
1002964495,1002830189,Sabre de Luz Space Force - Cores Sortidas - DM Toys,DM TOYS,FANTASIAS,SABRE DE LUZ,unknown,41.99
1002962689,1002828403,Mascara - Jurassic World - Dominion - Dinossauro - Modelos Unitários Sortidos - Mattel,Mattel,FANTASIAS,MASCARAS,3-5,238.99
1002032545,100412539,Bicicleta Aro 12 -  Arco Íris Branco e Pink - TK3 Track,TRACKBIKES,ESPORTES,BICICLETAS,0-2,349.99
1001957590,100354084,Skate Com Acessórios - Hot Wheels  - Modelos Sortidos - Fun,Fun,ESPORTES,SKATES,6-8,399.99
1003265451,1003151974,Patinete - Skatenet - Led - Dobrável - Bandeirante,SEM LICENÇA,ESPORTES,PATINETES,3-5,599.99
1002543214,1002415192,Patins - Barbie - Dreamtopia - Tamanho 29 a 32 - Fun - Rosa,Fun,ESPORTES,PATINS,6-8,333.99
1003300414,1003194320,BOLA TOTAL PRINT ESTAMPA DE CARROS - ALLPHA,ALLPHA,ESPORTES,BOLAS,unknown,42.89
100167166,100167562,Jogo de Boliche - Com 6 Pinos e 2 Bolas - Cardoso,Cardoso,ESPORTES,BRINCADEIRAS AO AR LIVRE,0-2,42.99
1003301042,1003194992,Piscina Inflável Infantil Fundo do Mar 28 Litros Intex,Intex,ESPORTES,PRAIA E PISCINA,unknown,44.99
1002437925,1002312637,Jogo PS4 - Kena Brigde of Spirits - Sony,Sony,TECNOLOGIA,JOGOS DE VIDEO-GAME,9-12,124.91
1003300116,1003194016,Controle Gamepad Bluetooth AL-G7 H Android iOS PC Switch Preto,Altomex,TECNOLOGIA,CONTROLES,unknown,129.99
1003268169,1003154943,Livro Magnético Infantil - Histórias Magnéticas - Dinossauros - Janod,Maped,LIVROS E PAPELARIA,LIVROS,0-2,89.99
1003177354,1003054887,Conjunto Álbum E Figurinhas - Fórmula 1 - 2024 - Topps,TOPPS SPORTS,LIVROS E PAPELARIA,ALBUM DE FIGURINHAS,6-8,159.99
1002928576,1002794399,Mochila Pelúcia - Patrulha Canina - Skye - Candide,Candide,LIVROS E PAPELARIA,MOCHILAS,0-2,109.99
100154894,100154823,LEGO Classic - Maleta Criativa - 10713,LEGO,BRINQUEDOS,BLOCOS DE MONTAR,3-5,125.99
1003269226,1003156001,Boneca Musical - Dos Rosa - Emilly Vick - Novabrink,Novabrink,BONECOS E BONECAS,BONECAS,3-5,198.99
1003170601,1003047706,Brinquedo Interativo - Minimi - Centopeia Pula Pula - Modelos Sortidos - Jxp Brink,SEM LICENÇA,BABY,BRINQUEDOS PARA BEBES,0-2,30.99
1002864906,1002731188,Pelúcia - Série Bluey - Modelos Sortidos - Candide,Candide,BRINQUEDOS,PELUCIAS,3-5,98.99
100001810,100001810,Carrinho Hot Wheels - Veículos Básicos - Sortido - Mattel,Mattel,BRINQUEDOS,VEICULOS DE BRINQUEDO,unknown,17.99
1001776851,100184971,Boneco Articulado - Disney - Marvel - Homem Aranha - Titan Hero Series - Hasbro,Hasbro,BONECOS E BONECAS,BONECOS,0-2,99.99
1003224873,1003109693,Jogo De Cartas - Pokémon - Mega Kangaskhan Ex -  Copag,Copag,JOGOS,JOGOS DE CARTAS,6-8,169.99
100103667,100103329,Jogo Eu Sou? - Novas Cartas e App - Estrela,Estrela,JOGOS,JOGOS DE TABULEIRO,6-8,87.99
1003249340,1003133630,Boneco - Funko Pop - Guerreiras Do K-Pop - Rumi - Candide,Candide,COLECIONAVEIS,FUNKO POP,3-5,149.99
1003188593,1003067242,EXCLUSIVO: Chaveiro Miniatura Colecionável - Bone Shaker - Hot Wheels,Hot Wheels,COLECIONAVEIS,ACTION FIGURE,3-5,19.91
1003168982,1003045917,Blocos De Montar - Mattel - Corvette Grand Sport,Mattel,COLECIONAVEIS,CARRINHOS COLECIONAVEIS,9-12,329.99
1002832203,1002698898,Mini Veículo Elétrico - Hello Kitty - 6V - Lambreta - Bandeirante - Rosa,Bandeirante,BABY,MINI VEICULOS,0-2,999.99
1002922596,1002788614,Mordedor - Sensimals - Modelos Sortidos - Fisher-Price,Fisher Price,BABY,MORDEDORES,0-2,40.99
1002251282,1002128253,Massa de Modelar - Play-Doh - Mini Sorveteria Divertida com 2 Cores de Massinha - Hasbro,Hasbro,BRINQUEDOS,ARTES,3-5,49.99
1003173952,1003051355,Conjunto De Acessórios - Barbie - Pic Nic No Parque - Elka,Elka,BRINQUEDOS,BRINCADEIRA DE CASINHA,0-2,80.99
1002973080,1002838608,Brincando de Ser - Caixa Registradora Unique - Barbie - Fun,Fun,BRINQUEDOS,FAZ DE CONTA,3-5,221.99
1002900894,1002767370,Conjunto Musical - Disney - Frozen - Boombox Karaokê - Candide,Candide,BRINQUEDOS,INSTRUMENTOS MUSICAIS,3-5,149.99
1003125274,1002999968,Beyblade - Conjunto Inicial - Modelos Sortidos - Hasbro,Hasbro,BRINQUEDOS,LANCADORES,6-8,99.95
1003254489,1003139611,Quebra-Cabeça - Panorama - Guerreiras Do K-Pop - 350 Peças - Grow,Grow,BRINQUEDOS,QUEBRA-CABECAS,6-8,95.99
1002866943,1002733220,Laptop Infantil - C/ Tela Incorp - Sonic - Minigame - Candide,Candide,BRINQUEDOS,BRINQUEDOS ELETRONICOS,unknown,79.91
1002299690,1002175945,Conjunto - Cabelos Customizados - FanFun,FanFun,BRINQUEDOS,BRINQUEDOS DE BELEZA,unknown,85.99
1002515283,1002388260,Boneca e Acessórios - Barbie - Passeio De Bicicleta - 18cm - Mattel,Mattel,BONECOS E BONECAS,ACESSORIOS PARA BONECAS,unknown,178.99
100166504,100166885,Conjunto Sala de Jantar Clássica - 15 Peças - Sylvanian Families - Epoch,Epoch,BONECOS E BONECAS,CASA DE BONECA,unknown,169.99
1003117849,1002991579,Jogo de Raciocínio Lógico - Jogo Senha - Grow,Grow,JOGOS,JOGOS DE ACAO,6-8,51.99
1002856600,1002722731,Jogo Clássico - Stop! - 2 a 4 Jogadores - Nig Brinquedos,Nig Brinquedos,JOGOS,JOGOS CLASSICOS,6-8,52.99
1003251290,1003135703,Jogo Educativo - Cartas Geniais - Bandeiras do Mundo - Toyster,Toyster,JOGOS,JOGOS EDUCATIVOS,6-8,26.99
1003297785,1003191642,Kit Caminhonete Monta Desmonta Infantil Plástico Carrinho,Futuro Kids,COLECIONAVEIS,MONTAGEM E MODELISMO,unknown,45.68
1003022266,1002888229,Fantasia Infantil - Moana 2 - Tam P - Princesas Disney - Novabrink,Novabrink,FANTASIAS,FANTASIA INFANTIL,0-2,149.91
1001862055,100270916,Sabre De Luz - Disney - Star Wars - Black Series - Force FX Elite - Conde Dookan - Hasbro,Hasbro,FANTASIAS,SABRE DE LUZ,unknown,499.91
1003277227,1003164314,Óculos De Sol - Disney - Princesas - Toyng,Toyng,FANTASIAS,MASCARAS,3-5,49.99
1003174026,1003051453,EXCLUSIVO - Bicicleta - Aro 14 - Barbie - Bandeirante,Bandeirante,ESPORTES,BICICLETAS,0-2,799.99
1001957525,100354033,Skate Com Acessórios - Barbie - Modelos Sortidos - Fun,Fun,ESPORTES,SKATES,6-8,353.99
1002967659,1002833280,Patinete Com Led - Disney -  Stitch - Azul - Bbr Toys,SEM LICENÇA,ESPORTES,PATINETES,0-2,271.99
1002543264,1002415232,Patins - Hot Wheels - Ajustável - Tamanho 33 a 36 - Fun - Azul,Fun,ESPORTES,PATINS,3-5,348.99
1003299857,1003193757,Bola De Vinil Lisa Prata - 14 Polegadas - 10 Unidades,Outras,ESPORTES,BOLAS,unknown,79.9
1001813876,100224362,Brinquedo Clássico - Pogobol - Amarelo e Laranja - Estrela,Estrela,ESPORTES,BRINCADEIRAS AO AR LIVRE,6-8,249.99
1003301036,1003194986,Bote Inflável Excursion 4 Pessoas 315cm Remos Bomba até 500kg Intex,Intex,ESPORTES,PRAIA E PISCINA,unknown,1399.99
1002645723,1002515425,Jogo PS5 - Playstation - Resident Evil Village - Gold Edition - Azul - Sony,Sony,TECNOLOGIA,JOGOS DE VIDEO-GAME,unknown,124.91
1003300115,1003194015,Controle Gamepad Bluetooth AL-G7 K Android IOS PC Cor Preto,Altomex,TECNOLOGIA,CONTROLES,unknown,129.99
1003268200,1003154975,Livro Magnético Infantil - Histórias Magnéticas - Pets - Janod,Maped,LIVROS E PAPELARIA,LIVROS,0-2,89.99
1003298575,1003192439,TOY STORY 5 - Álbum Capa Cartão + 36 Envelopes,PANINI,LIVROS E PAPELARIA,ALBUM DE FIGURINHAS,unknown,179.91
1003177368,1003054900,Mochila - Pokemon - Pikachu - Bbr Toys,BBR TOYS,LIVROS E PAPELARIA,MOCHILAS,0-2,272.99
1003168178,1003044980,LEGO - Speed Champions - Honda S2000 de 2 Fast 2 Furious - 77241,LEGO,BRINQUEDOS,BLOCOS DE MONTAR,9-12,249.99
1003128126,1003002974,Boneca Articulada - Emilly Vick - Rosa - Novabrink,Novabrink,BONECOS E BONECAS,BONECAS,3-5,155.99
1003099631,1002968482,Lousa Mágica Magnética - Desenha Comigo - Sortida - Fisher Price,Mattel,BABY,BRINQUEDOS PARA BEBES,3-5,39.95
1002969987,1002835548,Pelucia - Minnie - C luz e Som - Vestido Rosa - Multikids,Multikids,BRINQUEDOS,PELUCIAS,0-2,175.99
1003169919,1003046904,Pista De Percurso - Hot Wheels - Loja De Doces - City - Mattel,Mattel,BRINQUEDOS,VEICULOS DE BRINQUEDO,3-5,105.99
1003265465,1003151993,Boneco Articulado - Disney - Pixar - Toy Story 5 - Modelos Unitários - Sortidos - Mattel,Mattel,BONECOS E BONECAS,BONECOS,3-5,138.99
1003272300,1003159339,Jogo De Cartas - Pokémon TCG - ME04 - Blister Triplo - Copag,Copag,JOGOS,JOGOS DE CARTAS,6-8,49.99
1003263930,1003150375,Jogo De Tabuleiro - Monopoly - FIFA - Copa Do Mundo - Hasbro,SEM LICENÇA,JOGOS,JOGOS DE TABULEIRO,6-8,149.91
1003181781,1003059823,Boneco Funko Pop - Harry Potter - Harry No Quadribol - Candide,Candide,COLECIONAVEIS,FUNKO POP,9-12,149.99
1002962051,1002827778,Topper Unitário - Patrulha Canina - Skye - Estrela,Estrela,COLECIONAVEIS,ACTION FIGURE,0-2,29.91
1003168981,1003045916,Blocos De Montar - Mattel - 90 Acura NSX,Mattel,COLECIONAVEIS,CARRINHOS COLECIONAVEIS,9-12,399.99
1002437896,1002312605,Triciclo Infantil - Europa - Bandeirante - Vermelho,Bandeirante,BABY,MINI VEICULOS,0-2,268.99
1003140816,1003017287,Teclado Musical Com Mordedor - Disney Baby - Yestoys,Yes Toys,BABY,MORDEDORES,0-2,46.99
1002934504,1002800242,Conjunto de Massa de Modelar - Play-Doh - Smoothies Coloridos - Playset - 5 Potes - Hasbro,Hasbro,BRINQUEDOS,ARTES,3-5,79.99
1002826929,1002693667,Jogo De Chá - 18 Peças - Fanfun,FanFun,BRINQUEDOS,BRINCADEIRA DE CASINHA,3-5,111.99
100127437,100127301,Caixa Registradora - Creative Fun - Rosa - Multikids,Multikids,BRINQUEDOS,FAZ DE CONTA,unknown,175.99
1002883943,1002750567,Brinquedo Musical - Patrulha Canina - Boombox Karaokê - Candide,Candide,BRINQUEDOS,INSTRUMENTOS MUSICAIS,3-5,135.99
1002502951,1002376756,Lançador de Água - Nerf Super Soaker - Torrent - Capacidade 236ml - Hasbro,Hasbro,BRINQUEDOS,LANCADORES,6-8,69.99
1002921802,1002787831,Quebra-Cabeça - 1500 Peças - Pôr do Sol em Praga - Grow,Grow,BRINQUEDOS,QUEBRA-CABECAS,13+,78.99
1003177824,1003055395,Minigame Portátil - Marvel - Homem-Aranha - Candide,Candide,BRINQUEDOS,BRINQUEDOS ELETRONICOS,6-8,66.99
1002300221,1002176470,Conjunto - Cabelos Rainbow - Giz Colorido - Fanfun,FanFun,BRINQUEDOS,BRINQUEDOS DE BELEZA,6-8,145.99
1001883344,100291506,Veículo de Controle Remoto - Barbie - Glamour Flip - Modelos Sortidos - Candide,Candide,BONECOS E BONECAS,ACESSORIOS PARA BONECAS,3-5,106.99
1003168984,1003045919,Playset E Mini Bonecas - Polly Pocket - Estojo Gabby'S Dollhouse - Mattel,Mattel,BONECOS E BONECAS,CASA DE BONECA,3-5,202.99
1002938304,1002804178,Jogo de Ação - Cai Não Cai - Tetris - Estrela,Estrela,JOGOS,JOGOS DE ACAO,6-8,49.99
100000048,100000048,Jogo Cilada Estrela Tabuleiro Estrela,Estrela,JOGOS,JOGOS CLASSICOS,unknown,49.49
1003106319,1002975598,Jogo de Anatomia - Operando - A partir de 01 Jogador - Hasbro,HASBRO,JOGOS,JOGOS EDUCATIVOS,6-8,199.99
1003261234,1003147426,Capacete em Miniatura - 1987 Ayrton Senna - Formula 1 - 3cm - 1/10 - Minichamps,Minichamps,COLECIONAVEIS,MONTAGEM E MODELISMO,unknown,214.9
1003178562,1003056186,Fantasia - A Casa Magica Da Gabby - Novabrink - Tam M,Novabrink,FANTASIAS,FANTASIA INFANTIL,6-8,159.9
100172129,100172847,Mini Sabre de Luz e Figura Surpresa - Disney - Star Wars - Micro Force - Hasbro,Hasbro,FANTASIAS,SABRE DE LUZ,unknown,49.97
1003300326,1003194231,Máscara Halloween It A Coisa Palhaço Assasino 3D Realista de Luxo com Cabelo pra Fantasia de Terror,Fantasias Carol,FANTASIAS,MASCARAS,unknown,46.9
1002032546,100412540,Bicicleta Aro 12 - Arco Íris Vermelho e Azul - TK3 Track,TRACKBIKES,ESPORTES,BICICLETAS,0-2,349.99
1003177704,1003055271,Skatenet - Princesas - Bandeirante,Bandeirante,ESPORTES,SKATES,0-2,399.99
1003105815,1002975096,Skatenet - Led Pro - Dobravel - Rosa - Bandeirante,Bandeirante,ESPORTES,PATINETES,0-2,599.99
1001974796,100366877,Patins Ajustável com Acessórios - Patrulha Canina - 29 a 32 - Fun,Fun,ESPORTES,PATINS,6-8,429.99
1003298070,1003191926,Jogo de Bola Bola Maluca Que Salta e Muda de Direção para Brincar Sozinho Ou em Grupo Ark Brasil,ARK BRASIL,ESPORTES,BOLAS,unknown,47.99
1001813401,100223887,Brinquedo Clássico - Pogobol - Roxo e Verde - Estrela,Estrela,ESPORTES,BRINCADEIRAS AO AR LIVRE,6-8,192.89
1003301032,1003194982,Piscina Inflável Playground Infantil Castelo Unicórnio 234L Intex,Intex,ESPORTES,PRAIA E PISCINA,unknown,479.99
1003301504,1003195516,A Era do Gelo Scrats Nutty Adventure PS4 Midia Fisica,Playstation,TECNOLOGIA,JOGOS DE VIDEO-GAME,unknown,169.97
1003300105,1003194005,Vídeo Game Sitck 8K +10.000 Jogos 2 Controles 2.4g Wireless,Inova,TECNOLOGIA,CONTROLES,unknown,299.99
1003268168,1003154942,Livro Magnético Infantil - Histórias Magnéticas - A Festa Dos Animais - Janod,Maped,LIVROS E PAPELARIA,LIVROS,0-2,89.99
1003298574,1003192438,TOY STORY 5 - Álbum Capa Cartão + 12 Envelopes,PANINI,LIVROS E PAPELARIA,ALBUM DE FIGURINHAS,unknown,71.91
1003177367,1003054899,Mochila - Pokemon - Squirtle - Bbr Toys,BBR TOYS,LIVROS E PAPELARIA,MOCHILAS,0-2,271.99
1003252563,1003137061,LEGO - Spidey - Spidey Em Sua Motocicleta Vs. Rhino - 11206,LEGO,BRINQUEDOS,BLOCOS DE MONTAR,3-5,83.99
1003090691,1002959277,Boneca Bebê com Acessórios - Baby Alive - Festa do Chá Borbulhante - Hasbro,HASBRO,BONECOS E BONECAS,BONECAS,3-5,207.99
100131164,100130976,Xilofone para Bebês - Fisher-Price - Colorido,Fisher-Price,BABY,BRINQUEDOS PARA BEBES,0-2,73.99
1002970087,1002835648,Pelúcia - Little Live Pets - Meu Baby Macaquinho - Fun,Fun,BRINQUEDOS,PELUCIAS,3-5,399.99
1002934541,1002800279,Carrinho com Controle Remoto - Batman - Smart Driver - Candide,Candide,BRINQUEDOS,VEICULOS DE BRINQUEDO,3-5,87.99
1002971292,1002836835,Figura Interativa - Senhor Cabeça De Batata - Hasbro,Hasbro,BONECOS E BONECAS,BONECOS,0-2,89.99
1003171234,1003048384,Jogo De Cartas - Pokémon - ME02 - Blister Triplo - Copag,Copag,JOGOS,JOGOS DE CARTAS,6-8,39.99
1002892505,1002759110,Jogo de Tabuleiro - Bloqueio - Preto - Grow,Grow,JOGOS,JOGOS DE TABULEIRO,6-8,62.99
1003274803,1003161872,Boneco - Funko Pop - One Piece - Live Action - Monkey D. Luffy - Candide,Funko,COLECIONAVEIS,FUNKO POP,3-5,149.99
1003186537,1003065109,EXCLUSIVO: Chaveiro Miniatura Colecionável - Rock a Stack - Fisher Price,Fisher Price,COLECIONAVEIS,ACTION FIGURE,3-5,19.91
1003300729,1003194647,Carrinho Hot Wheels Premium Formula 1 Atlassian Williams Racing #55 JKD85,Hot Wheels,COLECIONAVEIS,CARRINHOS COLECIONAVEIS,unknown,139.9
1003265453,1003151976,Mini Veiculo - Moto - Street Elétrica - 6V - Bandeirante,SEM LICENÇA,BABY,MINI VEICULOS,0-2,1029.99
1002468782,1002342677,Conjunto de Mordedores com Chocalho – Toyster – BDA - Meu Primeiro Kit - Colorido,Toyster,BABY,MORDEDORES,0-2,80.99
1003266292,1003152896,Decore Sua Luminária - Style 4 Ever - Unicórnio Kawaii - Fun,Fun,BRINQUEDOS,ARTES,6-8,121.99
100168139,100168636,Cozinha Portátil e Acessórios - Fan Fun,FanFun,BRINQUEDOS,BRINCADEIRA DE CASINHA,3-5,142.99
1003173035,1003050403,Rádio Comunicadores - Homem Aranha - Candide,Candide,BRINQUEDOS,FAZ DE CONTA,3-5,114.99
1003036468,1002903751,Aparelho de Karaokê - Boombox - Infantil - Bluey - Candide,Candide,BRINQUEDOS,INSTRUMENTOS MUSICAIS,0-2,149.99
1003100376,1002969227,Lançador de Dardos - Nerf - Series Purestrike - 2 Dardos Oficiais N1 - Hasbro,SEM LICENÇA,BRINQUEDOS,LANCADORES,6-8,47.99
1002833107,1002699797,Quebra-Cabeça - 500 Peças Nano - Coleção Obras de Arte - Van Gogh: A Noite Estrelada - Toyster,Toyster,BRINQUEDOS,QUEBRA-CABECAS,9-12,31.99
1003177811,1003055382,Minigame Portátil - Sonic - Candide,Candide,BRINQUEDOS,BRINQUEDOS ELETRONICOS,6-8,86.99
1002286668,1002162974,Conjunto - Relógio Personalizado - FanFun,SEM LICENÇA,BRINQUEDOS,BRINQUEDOS DE BELEZA,6-8,135.99
1002046421,100426092,Carrinho de Boneca - Confort Baby - Samba Toys,Samba Toys,BONECOS E BONECAS,ACESSORIOS PARA BONECAS,unknown,75.99
1003133459,1003009628,Mini Playset - Polly Pocket - Compacto Revel - Comidinha Rápida - Mattel,Mattel,BONECOS E BONECAS,CASA DE BONECA,3-5,73.99
100137809,100137590,Jogo Tapa Certo - Animais - Estrela,Estrela,JOGOS,JOGOS DE ACAO,unknown,39.99
1002970672,1002836222,Mesa Para Jogo de Botão - Sportv - Xalingo,Xalingo,JOGOS,JOGOS CLASSICOS,6-8,81.99
1003266302,1003152914,Jogo De Memória - Disney - Pixar - Toy Story 5 - Toyster,Toyster,JOGOS,JOGOS EDUCATIVOS,0-2,42.99
1003285339,1003172490,Mini Brands - Magic Cook - Kitchen - Candide,Candide,COLECIONAVEIS,MONTAGEM E MODELISMO,6-8,179.99
1002212868,100583398,Fantasia Infantil - Harry Potter - Novabrink - Tamanho M,Novabrink,FANTASIAS,FANTASIA INFANTIL,unknown,176.99
1002967839,1002833457,Sabre de Luz - Star Wars - Lightsaber Forge - Cavaleiro Jedi Yord - Hasbro,Hasbro,FANTASIAS,SABRE DE LUZ,3-5,279.99
1003298763,1003192641,Máscara Do Homem De Ferro Avengers Marvel Hasbro - C0481,Fabrica da Alegria,FANTASIAS,MASCARAS,unknown,120.94
1003174044,1003051472,EXCLUSIVO - Bicicleta - Hot Whells - Aro 14 - Bandeirante,Bandeirante,ESPORTES,BICICLETAS,3-5,799.99
1003183034,1003061087,Meu Primeiro Skatenet - Rosa - Bandeirante,Bandeirante,ESPORTES,SKATES,0-2,299.99
