GeofenceName,Longitude,Latitude,Radius,MeasureType
PARQUE SHOPPING BAHIA,-38.3182,-12.8942,0.2,Km
PBKIDS AMAZONAS SHOPPING - Loja Parceira,-60.0232,-3.0948,0.2,Km
PBKIDS AVENIDA REBOUÇAS - Loja Parceira,-46.6769083,-23.5636642,0.2,Km
PBKIDS BH SHOPPING - Loja Parceira,-43.9452,-19.9754,0.2,Km
PBKIDS DIAMOND MALL - Loja Parceira,-43.9467186,-19.928013,0.2,Km
PBKIDS GOLDEN SQUARE SHOPPING - Loja Parceira,-46.5516,-23.6934,0.2,Km
PBKIDS IGUATEMI ALPHAVILLE - Loja Parceira,-46.8524,-23.4984,0.2,Km
PBKIDS IGUATEMI FORTALEZA - Loja Parceira,-38.4887659,-3.7554302,0.2,Km
PBKIDS IGUATEMI JK - Loja Parceira,-46.6897659,-23.5913636,0.2,Km
PBKIDS MANAUARA SHOPPING - Loja Parceira,-60.0101,-3.1044,0.2,Km
PBKIDS MOOCA PLAZA SHOPPING - Loja Parceira,-46.5942462,-23.5797396,0.2,Km
PBKIDS MORUMBI SHOPPING - Loja Parceira,-46.6989,-23.6231,0.2,Km
PBKIDS PARK SHOPPING BARIGUI - Loja Parceira,-49.3161146,-25.4347973,0.2,Km
PBKIDS PLAZA CASA FORTE - Loja Parceira,-34.9157378,-8.0357806,0.2,Km
PBKIDS PÁTIO BATEL - Loja Parceira,-49.2904018,-25.4439964,0.2,Km
PBKIDS RIOMAR FORTALEZA - Loja Parceira,-38.4721,-3.7423,0.2,Km
PBKIDS RIOMAR KENNEDY - Loja Parceira,-38.5612,-3.7315,0.2,Km
PBKIDS RIOMAR RECIFE - Loja Parceira,-34.8946,-8.0863,0.2,Km
PBKIDS SANTANA PARQUE SHOPPING - Loja Parceira,-46.6447654,-23.4828169,0.2,Km
PBKIDS SHOPPING ANÁLIA FRANCO - Loja Parceira,-46.5606,-23.5606,0.2,Km
PBKIDS SHOPPING BARRA - Loja Parceira,-38.5284,-13.0068,0.2,Km
PBKIDS SHOPPING BELA VISTA - Loja Parceira,-38.4772,-12.9738,0.2,Km
PBKIDS SHOPPING DEL PASEO - Loja Parceira,-38.4967986,-3.736146,0.2,Km
PBKIDS SHOPPING ELDORADO - Loja Parceira,-46.6961,-23.5732,0.2,Km
PBKIDS SHOPPING IBIRAPUERA - Loja Parceira,-46.6669,-23.6106,0.2,Km
PBKIDS SHOPPING JARDIM SUL - Loja Parceira,-46.7323,-23.6358,0.2,Km
PBKIDS SHOPPING MUELLER - Loja Parceira,-49.2687,-25.4243,0.2,Km
PBKIDS SHOPPING PARALELA - Loja Parceira,-38.3950462,-12.9368925,0.2,Km
PBKIDS SHOPPING PARQUE DOM PEDRO - Loja Parceira,-47.0631037,-22.8481878,0.2,Km
PBKIDS SHOPPING RECIFE - Loja Parceira,-34.9038,-8.1189,0.2,Km
PBKIDS SHOPPING RIO DESIGN - Loja Parceira,-43.3858868,-23.0013736,0.2,Km
PBKIDS SHOPPING TAMBORÉ - Loja Parceira,-46.8373,-23.5045,0.2,Km
RI HAPPY SHOPPING METRO TUCURUVI - Loja Parceira,-46.602396,-23.4796259,0.2,Km
RI HAPPY SHOPPING TACARUNA - Loja Parceira,-34.8732,-8.0378,0.2,Km
Ri Happy Américas Shopping,-43.4610696,-23.011149,0.2,Km
Ri Happy Augusta,-46.6649116,-23.5628359,0.2,Km
Ri Happy BH Shopping,-43.9452,-19.9754,0.2,Km
Ri Happy Bangu Shopping,-43.4661,-22.8789,0.2,Km
Ri Happy Boulevard Rio Shopping,-43.250161,-22.9194148,0.2,Km
Ri Happy Boulevard Shopping,-47.8994581,-15.7327518,0.2,Km
Ri Happy Boulevard Shopping Belo Horizonte,-43.9202377,-19.9206961,0.2,Km
Ri Happy Boulevard Shopping Belém,-48.4873,-1.4503,0.2,Km
Ri Happy Bourbon Ipiranga - POA,-51.1869541,-30.0553096,0.2,Km
Ri Happy Brasília Shopping,-47.8931,-15.7877,0.2,Km
Ri Happy Buriti Shopping,-49.2882,-16.7395,0.2,Km
Ri Happy Campinas Shopping,-47.0789,-22.9287,0.2,Km
Ri Happy Carioca Shopping,-43.3115,-22.8532,0.2,Km
Ri Happy Continente Shopping,-48.6472,-27.6048,0.2,Km
Ri Happy Floripa Shopping,-48.4992,-27.5458,0.2,Km
Ri Happy Goiânia Shopping,-49.2748,-16.7135,0.2,Km
Ri Happy Grand Plaza Shopping,-46.5332,-23.6496,0.2,Km
Ri Happy Iguatemi Campinas,-47.0249,-22.8927,0.2,Km
Ri Happy Iguatemi São Paulo,-46.6876,-23.5772,0.2,Km
Ri Happy Ilha Plaza,-43.2014,-22.7997,0.2,Km
Ri Happy Internacional Shopping Guarulhos,-46.5436,-23.4795,0.2,Km
Ri Happy Ipanema,-43.2022163,-22.9839557,0.2,Km
Ri Happy ItaúPower Shopping,-44.0289,-19.9534,0.2,Km
Ri Happy Jacarepagua,-43.3715825,-22.9531726,0.2,Km
Ri Happy João Cachoeira,-46.6774145,-23.5861401,0.2,Km
Ri Happy Maceió Shopping,-35.7157299,-9.6485773,0.2,Km
Ri Happy Maxi Shopping Jundiaí,-46.8974,-23.1678,0.2,Km
Ri Happy Metrô Itaquera,-46.4704,-23.5414,0.2,Km
Ri Happy Midway Mall,-35.2064,-5.8115,0.2,Km
Ri Happy Minas Shopping,-43.9261,-19.8732,0.2,Km
Ri Happy Miruna,-46.662619,-23.6136249,0.2,Km
Ri Happy Mogi Shopping,-46.1772,-23.5186,0.2,Km
Ri Happy Morumbi Town Shopping,-46.7375406,-23.6316602,0.2,Km
Ri Happy Norte Shopping,-46.6166,-23.5165,0.2,Km
Ri Happy North Shopping Fortaleza,-38.5684,-3.7358,0.2,Km
Ri Happy North Shopping Jóquei,-38.5744899,-3.764677,0.2,Km
Ri Happy Otto Baumgart,-46.6162118,-23.5140416,0.2,Km
Ri Happy Pantanal Shopping,-56.0691,-15.5715,0.2,Km
Ri Happy Park Shopping,-47.9556538,-15.8326362,0.2,Km
Ri Happy Parque Shopping Belém,-48.4485,-1.3658,0.2,Km
Ri Happy Parque Shopping Maceió,-35.7011,-9.6268,0.2,Km
Ri Happy Partage Shopping São Gonçalo,-43.0539,-22.8272,0.2,Km
Ri Happy Plaza Shopping Niterói,-43.1256,-22.8972,0.2,Km
Ri Happy Praia de Belas Prime Offices,-51.2289,-30.0487,0.2,Km
Ri Happy Raposo Shopping,-46.7584,-23.5828,0.2,Km
Ri Happy Recreio Shopping,-43.4868527,-23.0195165,0.2,Km
Ri Happy Rio Anil Shopping,-44.2232694,-2.5342959,0.2,Km
Ri Happy RioMar Fortaleza,-38.4721,-3.7423,0.2,Km
Ri Happy RioMar Shopping Recife,-34.8946,-8.0863,0.2,Km
Ri Happy Salvador Shopping,-38.4554,-12.9785,0.2,Km
Ri Happy Savassi,-43.9355817,-19.937246,0.2,Km
Ri Happy Shopping Benfica,-38.5401686,-3.7390701,0.2,Km
Ri Happy Shopping Bosque Grão-Pará,-48.4651456,-1.3901236,0.2,Km
Ri Happy Shopping Campo Grande,-54.5828,-20.4619,0.2,Km
Ri Happy Shopping Center Penha,-46.5492,-23.5233,0.2,Km
Ri Happy Shopping Cerrado,-49.3085093,-16.6659862,0.2,Km
Ri Happy Shopping Conjunto Nacional,-47.8829,-15.7904,0.2,Km
Ri Happy Shopping Del Rey,-43.9702,-19.8864,0.2,Km
Ri Happy Shopping Estação BH,-43.9538,-19.8214,0.2,Km
Ri Happy Shopping Estação Cuiabá,-56.1084,-15.5802,0.2,Km
Ri Happy Shopping Grande Rio,-43.3672,-22.7938,0.2,Km
Ri Happy Shopping Guararapes,-34.9178,-8.1692,0.2,Km
Ri Happy Shopping Interlagos,-46.6873,-23.6749,0.2,Km
Ri Happy Shopping Leste Aricanduva,-46.5057,-23.5684,0.2,Km
Ri Happy Shopping Metropolitano Barra,-43.3761,-22.9739,0.2,Km
Ri Happy Shopping Metrô Tatuapé,-46.5765,-23.5401,0.2,Km
Ri Happy Shopping Norte Sul Plaza,-54.6245,-20.4789,0.2,Km
Ri Happy Shopping Nova América,-43.2719,-22.8778,0.2,Km
Ri Happy Shopping Nova Iguaçu,-43.4611,-22.7661,0.2,Km
Ri Happy Shopping Palladium,-49.2907,-25.4782,0.2,Km
Ri Happy Shopping Parangaba,-38.5619555,-3.7757352,0.2,Km
Ri Happy Shopping Parque das Bandeiras,-47.1264,-22.9231,0.2,Km
Ri Happy Shopping Praça da Moça,-46.6221,-23.6877,0.2,Km
Ri Happy Shopping Pátio Higienópolis,-46.6578,-23.5427,0.2,Km
Ri Happy Shopping Pátio Maceió,-35.7458894,-9.5593935,0.2,Km
Ri Happy Shopping Recife,-34.9038,-8.1189,0.2,Km
Ri Happy Shopping Rio Poty,-42.8016318,-5.0771827,0.2,Km
Ri Happy Shopping SP Market,-46.7003,-23.6811,0.2,Km
Ri Happy Shopping União de Osasco,-46.7686,-23.5385,0.2,Km
Ri Happy Shopping Villa Lobos,-46.7221429,-23.5510818,0.2,Km
Ri Happy Shopping da Bahia,-38.4682,-12.9818,0.2,Km
Ri Happy Shopping da Ilha,-44.2562,-2.5284,0.2,Km
Ri Happy São Luis Shopping,-44.2789,-2.5118,0.2,Km
Ri Happy Taguatinga Shopping,-48.0418,-15.8458,0.2,Km
Ri Happy Teresina Shopping,-42.7915,-5.0842,0.2,Km
Ri Happy Tiete Plaza Shopping,-46.7214,-23.5042,0.2,Km
Ri Happy Via Parque Shopping,-43.3642,-22.9835,0.2,Km
Ri Happy Via Sul Shopping,-38.4796181,-3.7939879,0.2,Km
Ri Happy Vila Mariana,-46.6327408,-23.5837,0.2,Km
Ri Happy Villa Romana Shopping,-48.5150004,-27.5899915,0.2,Km
